DateTime,Gender,Age
2024-01-01-11:09,female,30
2024-01-05-15:24,male,40
2024-01-07-11:51,female,51
2024-01-10-09:14,female,60
2024-01-12-09:51,female,65
2024-01-14-12:00,male,71
2024-01-15-10:41,male,60
2024-01-19-10:07,male,24
2024-01-20-14:55,female,57
2024-01-21-11:41,male,16
2024-01-23-12:10,male,27
2024-01-25-13:19,male,46
2024-01-26-14:50,male,30
2024-01-27-12:23,male,12
2024-01-28-16:24,male,23
2024-01-31-15:01,male,33
2024-02-01-13:07,female,72
2024-02-04-16:46,male,28
2024-02-05-16:20,female,65
2024-02-07-13:50,male,27
2024-02-08-13:53,female,36
2024-02-10-09:10,male,17
2024-02-11-15:31,female,48
2024-02-12-12:16,female,46
2024-02-13-14:09,male,77
2024-02-14-16:47,female,60
2024-02-15-12:08,male,12
2024-02-18-14:53,male,48
2024-02-19-12:49,female,68
2024-02-24-14:04,female,33
2024-02-28-13:26,female,47
2024-02-29-11:28,female,20
2024-03-01-16:32,female,39
2024-03-04-13:37,female,63
2024-03-07-10:26,male,61
2024-03-08-14:59,female,60
2024-03-11-09:14,male,56
2024-03-13-12:18,male,72
2024-03-14-13:37,female,39
2024-03-15-10:51,male,20
2024-03-17-16:14,male,67
2024-03-18-14:19,male,57
2024-03-19-14:33,female,12
2024-03-23-15:55,male,29
2024-03-25-13:15,male,66
2024-03-27-16:35,male,45
2024-03-28-10:09,female,24
2024-03-31-14:30,female,23
2024-04-02-10:33,female,32
2024-04-05-10:36,male,36
2024-04-10-14:35,male,66
2024-04-11-16:29,female,17
2024-04-13-16:39,male,34
2024-04-20-09:08,female,49
2024-04-24-09:14,female,35
2024-04-25-09:32,female,59
2024-04-26-13:54,female,56
2024-05-02-15:09,male,41
2024-05-04-15:43,female,27
2024-05-07-14:17,male,22
2024-05-09-15:11,female,17
2024-05-10-13:01,male,28
2024-05-13-14:18,male,30
2024-05-14-09:36,female,39
2024-05-15-13:54,female,38
2024-05-20-13:42,female,34
2024-05-21-14:14,female,53
2024-05-23-10:34,female,76
2024-05-27-09:58,female,57
2024-05-29-15:35,female,54
2024-05-31-13:59,male,63
2024-06-03-15:21,female,70
2024-06-06-09:49,female,44
2024-06-11-15:20,male,42
2024-06-15-14:49,female,46
2024-06-16-16:46,female,25
2024-06-17-14:28,female,22
2024-06-18-11:24,male,64
2024-06-19-15:02,female,35
2024-06-24-15:56,female,70
2024-06-25-12:59,male,44
2024-06-28-10:40,female,32
2024-06-29-16:27,male,44
2024-06-30-14:25,male,14
2024-07-01-14:29,female,26
2024-07-04-13:25,female,44
2024-07-06-14:10,male,69
2024-07-07-12:27,male,63
2024-07-09-16:44,female,59
2024-07-10-09:56,male,25
2024-07-12-14:49,female,58
2024-07-13-13:22,male,21
2024-07-16-09:42,female,60
2024-07-17-11:10,male,41
2024-07-22-09:37,female,27
2024-07-23-16:25,male,45
2024-07-24-14:10,female,28
2024-07-26-15:46,male,34
2024-07-28-12:49,female,75
2024-07-31-15:49,female,79
2024-08-01-16:24,male,40
2024-08-04-16:01,male,79
2024-08-05-12:16,male,46
2024-08-08-14:27,female,13
2024-08-09-12:38,female,33
2024-08-10-16:15,male,79
2024-08-12-16:49,male,64
2024-08-15-12:11,male,22
2024-08-16-14:37,female,54
2024-08-19-13:18,male,40
2024-08-21-10:43,female,42
2024-08-22-11:50,female,70
2024-08-23-13:56,male,12
2024-08-25-14:46,male,58
2024-08-26-12:59,male,44
2024-08-31-14:27,male,52
2024-09-01-16:01,female,23
2024-09-05-13:56,female,26
2024-09-07-13:00,female,67
2024-09-10-09:06,female,41
2024-09-13-10:17,male,77
2024-09-15-15:23,female,74
2024-09-16-10:47,female,43
2024-09-20-11:44,male,12
2024-09-21-14:35,female,75
2024-09-22-09:03,male,73
2024-09-23-12:57,male,29
2024-09-25-14:15,male,18
2024-09-26-14:12,male,15
2024-09-27-10:49,female,65
2024-09-29-11:59,female,32
2024-10-02-15:05,female,14
2024-10-03-14:52,male,20
2024-10-06-13:13,male,27
2024-10-07-13:37,female,46
2024-10-08-09:42,male,36
2024-10-09-16:10,female,75
2024-10-10-14:04,male,31
2024-10-12-14:57,male,20
2024-10-13-12:39,male,57
2024-10-14-10:06,female,19
2024-10-15-16:54,female,15
2024-10-16-13:18,female,15
2024-10-17-11:56,female,41
2024-10-18-14:17,male,47
2024-10-24-10:23,female,50
2024-10-26-13:35,female,67
2024-10-28-13:17,female,12
2024-10-29-11:06,female,14
2024-10-31-15:58,female,19
2024-11-01-16:58,male,21
2024-11-03-15:27,male,44
2024-11-08-12:57,female,70
2024-11-09-11:41,female,66
2024-11-13-10:17,female,59
2024-11-15-14:24,male,65
2024-11-16-13:50,female,24
2024-11-17-10:14,female,49
2024-11-18-13:49,male,31
2024-11-19-13:33,female,52
2024-11-22-14:02,female,74
2024-11-24-16:24,male,36
2024-11-25-12:00,female,56
2024-11-30-16:33,female,45
2024-12-04-12:33,male,74
2024-12-06-11:31,female,16
2024-12-09-14:21,female,12
2024-12-10-14:29,female,75
2024-12-11-09:13,male,41
2024-12-12-14:03,male,37
2024-12-14-12:01,female,46
2024-12-15-09:38,female,29
2024-12-16-09:58,male,26
2024-12-17-11:46,female,43
2024-12-18-11:10,female,21
2024-12-19-09:06,male,19
2024-12-20-11:54,female,46
2024-12-23-12:24,male,53
2024-12-25-16:38,female,36
